{
    "notes": [
        {
            "time": 2.6707448959350588,
            "height": -0.5465137958526611
        },
        {
            "time": 3.3365039825439455,
            "height": -0.5465137958526611
        }
    ]
}