{
    "notes": [
        {
            "time": 2.6707448959350588,
            "height": -0.5465137958526611
        },
        {
            "time": 3.3365039825439455,
            "height": -0.5465137958526611
        },
        {
            "time": 3.9359610080718996,
            "height": -0.03214806318283081
        },
        {
            "time": 4.4674272537231449,
            "height": -0.7072532176971436
        }
    ]
}