{
    "notes": [
        {
            "time": 2.742420196533203,
            "height": -1.2859153747558594
        },
        {
            "time": 3.3645944595336916,
            "height": -0.2893310785293579
        },
        {
            "time": 3.9280378818511965,
            "height": 1.0930275917053223
        },
        {
            "time": 4.482693672180176,
            "height": 3.054048538208008
        }
    ]
}