{
    "notes": [
        {
            "time": 2.742420196533203,
            "height": -1.2859153747558594
        },
        {
            "time": 3.3645944595336916,
            "height": -0.2893310785293579
        }
    ]
}