{
    "notes": [
        {
            "time": 1.9994162321090699,
            "height": -2.7689993381500246
        },
        {
            "time": 2.2297542095184328,
            "height": -2.7689993381500246
        }
    ]
}